{
  "project_info": {
    "project_number": "300807627434",
    "firebase_url": "https://first-app-a7d29-default-rtdb.firebaseio.com",
    "project_id": "first-app-a7d29",
    "storage_bucket": "first-app-a7d29.appspot.com"
  },
  "client": [
    {
      "client_info": {
        "mobilesdk_app_id": "1:300807627434:android:9056132256c7299833e6d3",
        "android_client_info": {
          "package_name": "com.example.daftar_belanja"
        }
      },
      "oauth_client": [],
      "api_key": [
        {
          "current_key": "AIzaSyDacwg6NxbkzDVBIPau2j0UsVn41Q-mOxo"
        }
      ],
      "services": {
        "appinvite_service": {
          "other_platform_oauth_client": []
        }
      }
    }
  ],
  "configuration_version": "1"
}